IdEmpresa,date,y_true,y_pred,error_abs,error_rel,NombreEmpresa
11,2018-01-01,54128.743987,53780.086,348.65804950000165,0.6441273597328218,E.E. Ambato
11,2018-02-01,52029.42262,52739.746,710.3234737500024,1.3652342039962513,E.E. Ambato
11,2018-03-01,53601.478233,53381.98,219.49776425000164,0.4094994606228356,E.E. Ambato
11,2018-04-01,54524.395424,54860.465,336.0694197499979,0.616365238232555,E.E. Ambato
11,2018-05-01,55580.651886,56795.434,1214.7817077500004,2.185619755309108,E.E. Ambato
11,2018-06-01,54483.73134,56411.63,1927.8975662500015,3.538482990856774,E.E. Ambato
11,2018-07-01,55011.323577,55827.168,815.8443917499972,1.4830481048289088,E.E. Ambato
11,2018-08-01,56201.284138,56902.945,701.6611744999973,1.24847890090393,E.E. Ambato
11,2018-09-01,54385.40644,55881.37,1495.9646537500012,2.75067293171819,E.E. Ambato
11,2018-10-01,56979.238647000006,56417.31,561.9300532500056,0.9862014070270341,E.E. Ambato
11,2018-11-01,56474.491727,56758.266,283.77389799999946,0.502481544007114,E.E. Ambato
11,2018-12-01,55093.66004,54949.086,144.57410250000248,0.26241513523522747,E.E. Ambato
11,2019-01-01,56243.811198,56217.387,26.42447925000306,0.0469820211098047,E.E. Ambato
11,2019-02-01,53641.035765,55055.0,1413.9642349999995,2.635974892793906,E.E. Ambato
11,2019-03-01,54506.732754,55134.72,627.9859960000031,1.1521255526986582,E.E. Ambato
11,2019-04-01,56859.62351,57281.516,421.8921150000024,0.7419889351286392,E.E. Ambato
11,2019-05-01,56410.750922,57150.832,740.0811092500007,1.3119504653879224,E.E. Ambato
11,2019-06-01,54902.338254,55166.383,264.04455849999795,0.48093499639017756,E.E. Ambato
11,2019-07-01,56770.79869,56634.734,136.06431500000326,0.2396730680908503,E.E. Ambato
11,2019-08-01,56610.431099,57124.453,514.0220259999987,0.907998784006926,E.E. Ambato
11,2019-09-01,55805.302675,55788.27,17.033143749999,0.03052244667356604,E.E. Ambato
11,2019-10-01,56394.503419,56530.25,135.74658099999942,0.24070888609733682,E.E. Ambato
11,2019-11-01,57015.68062,56585.004,430.6767137499992,0.7553653820610994,E.E. Ambato
11,2019-12-01,57048.302255,57193.664,145.36180749999767,0.25480479129816247,E.E. Ambato
17,2018-01-01,9380.252,9421.688,41.43647656249959,0.4417416137913948,E.E. Azogues
17,2018-02-01,8146.18312,8604.95,458.7670753125003,5.6316813476260315,E.E. Azogues
17,2018-03-01,9301.62127,9199.06,102.56169968749964,1.1026217549653001,E.E. Azogues
17,2018-04-01,8849.97017,9144.821,294.8511190624995,3.331662292625552,E.E. Azogues
17,2018-05-01,9149.87034,9090.456,59.41428531249949,0.6493456530499807,E.E. Azogues
17,2018-06-01,9413.30767,9296.266,117.04204500000014,1.2433678904707484,E.E. Azogues
17,2018-07-01,9336.67255,9232.889,103.78387812499932,1.1115724319259683,E.E. Azogues
17,2018-08-01,9446.47094,9159.17,287.30101812499925,3.0413581955612226,E.E. Azogues
17,2018-09-01,9202.667821,9059.185,143.4832506874991,1.5591484282424923,E.E. Azogues
17,2018-10-01,9474.601609,9137.119,337.48246837499937,3.5619700152291585,E.E. Azogues
17,2018-11-01,8304.810186,8667.346,362.5355171249994,4.3653678892763965,E.E. Azogues
17,2018-12-01,9105.650777,8947.278,158.37245668750074,1.7392766378382791,E.E. Azogues
17,2019-01-01,9574.360371,9703.635,129.27439462499933,1.35021442285128,E.E. Azogues
17,2019-02-01,9220.62444,9100.98,119.6439712499996,1.2975690749421696,E.E. Azogues
17,2019-03-01,8672.03196,8772.086,100.05397749999975,1.1537547135608082,E.E. Azogues
17,2019-04-01,9026.46733,9080.494,54.02681062500051,0.5985377074975855,E.E. Azogues
17,2019-05-01,9553.48278,9539.634,13.848990937500275,0.14496274559151168,E.E. Azogues
17,2019-06-01,9272.67426,9189.29,83.38422093749978,0.8992467393920919,E.E. Azogues
17,2019-07-01,9319.08939,9064.918,254.17142124999918,2.7274276553537726,E.E. Azogues
17,2019-08-01,9588.892481,9351.339,237.55361381250077,2.4773832252598886,E.E. Azogues
17,2019-09-01,9452.313446,9208.767,243.5468444375001,2.5765845137156713,E.E. Azogues
17,2019-10-01,6871.586122,7790.283,918.6970811250003,13.369505450622372,E.E. Azogues
17,2019-11-01,7106.989954000001,7099.939,7.05098915625058,0.09921203212454378,E.E. Azogues
17,2019-12-01,7243.10615,7525.2583,282.1521507812504,3.895457900768863,E.E. Azogues
20,2018-01-01,7648.616,7471.722,176.89383203124999,2.3127560859539815,CNEL-Bolívar
20,2018-02-01,7443.907,7206.981,236.92604296875015,3.182818417381492,CNEL-Bolívar
20,2018-03-01,7024.464,7081.4683,57.00426171875006,0.8115104827749143,CNEL-Bolívar
20,2018-04-01,7419.570000000001,7316.6367,102.93328125000062,1.387321384527683,CNEL-Bolívar
20,2018-05-01,7475.925,7478.0728,2.147753906249818,0.028728938643041737,CNEL-Bolívar
20,2018-06-01,7401.574,7295.4946,106.07937109374961,1.4332001692308909,CNEL-Bolívar
20,2018-07-01,7310.146,7171.7163,138.42969140624973,1.8936652073193851,CNEL-Bolívar
20,2018-08-01,7417.136,7321.4907,95.64527734375042,1.2895176432486934,CNEL-Bolívar
20,2018-09-01,7387.946,7336.973,50.97285546874991,0.6899462376789153,CNEL-Bolívar
20,2018-10-01,7371.785,7484.17,112.38492187500015,1.5245279382808932,CNEL-Bolívar
20,2018-11-01,7598.282,7432.259,166.02321093750015,2.1850098606171784,CNEL-Bolívar
20,2018-12-01,7464.4,7368.901,95.49912109374964,1.279394473685087,CNEL-Bolívar
20,2019-01-01,7706.426,7691.9146,14.511449218750386,0.18830323185806735,CNEL-Bolívar
20,2019-02-01,7423.894,7597.478,173.58402734374977,2.3381803046184353,CNEL-Bolívar
20,2019-03-01,7618.747,7643.6006,24.8535859374997,0.32621618669709995,CNEL-Bolívar
20,2019-04-01,7538.736,7636.165,97.42903906250012,1.2923789752353727,CNEL-Bolívar
20,2019-05-01,7517.772,7580.771,62.998996093750065,0.838000887679888,CNEL-Bolívar
20,2019-06-01,7506.757,7646.432,139.6751289062504,1.8606587226181743,CNEL-Bolívar
20,2019-07-01,7441.732,7566.5317,124.79973828125003,1.6770254328058312,CNEL-Bolívar
20,2019-08-01,7337.096,7453.5195,116.42353125000045,1.5867794458461557,CNEL-Bolívar
20,2019-09-01,7350.92,7408.885,57.96476562499993,0.7885375657060603,CNEL-Bolívar
20,2019-10-01,7404.217,7457.775,53.55790234375036,0.7233432291861565,CNEL-Bolívar
20,2019-11-01,7544.888,7386.5527,158.33526562499992,2.0985767532268196,CNEL-Bolívar
20,2019-12-01,7596.532999999999,7596.832,0.299031250000553,0.00393641744201668,CNEL-Bolívar
26,2018-01-01,411533.565085,408297.3,3236.2525850000093,0.7863884891944546,CNEL-Guayaquil
26,2018-02-01,410737.354929,408787.47,1949.8861790000228,0.4747282309730703,CNEL-Guayaquil
26,2018-03-01,428356.285602,422880.8,5475.473102000018,1.2782520733423908,CNEL-Guayaquil
26,2018-04-01,448233.226243,421554.22,26679.007493000012,5.95203700462325,CNEL-Guayaquil
26,2018-05-01,424096.719246,423480.72,616.0004959999933,0.1452500026633496,CNEL-Guayaquil
26,2018-06-01,408714.087732,398017.12,10696.962731999985,2.617223886594813,CNEL-Guayaquil
26,2018-07-01,387130.466823,385585.34,1545.1230729999952,0.3991220545569826,CNEL-Guayaquil
26,2018-08-01,391374.627974,385981.47,5393.159224000003,1.378004305470278,CNEL-Guayaquil
26,2018-09-01,371538.312991,376509.62,4971.312008999987,1.3380348231059578,CNEL-Guayaquil
26,2018-10-01,391144.29424,395037.38,3893.0807599999825,0.9953055221128316,CNEL-Guayaquil
26,2018-11-01,415525.34191,405842.16,9683.185660000017,2.330347799123484,CNEL-Guayaquil
26,2018-12-01,397905.530565,403888.03,5982.500684999977,1.5034977464387627,CNEL-Guayaquil
26,2019-01-01,426218.813131,419208.06,7010.7506309999735,1.6448712292869139,CNEL-Guayaquil
26,2019-02-01,412784.809728,414964.56,2179.752771999978,0.5280603163271201,CNEL-Guayaquil
26,2019-03-01,445730.242568,426330.34,19399.898817999987,4.352385583313962,CNEL-Guayaquil
26,2019-04-01,445529.394134,423463.0,22066.394134000002,4.952848100379923,CNEL-Guayaquil
26,2019-05-01,448488.821434,430839.25,17649.571433999983,3.935342552701129,CNEL-Guayaquil
26,2019-06-01,431735.680178,412180.16,19555.52392800001,4.5295130390746206,CNEL-Guayaquil
26,2019-07-01,409190.219109,399999.0,9191.219108999998,2.2461971669346386,CNEL-Guayaquil
26,2019-08-01,412354.166043,402413.4,9940.759793000005,2.410733445085017,CNEL-Guayaquil
26,2019-09-01,386650.076466,383049.1,3600.9827159999986,0.9313285927454485,CNEL-Guayaquil
26,2019-10-01,398348.201871,390552.3,7795.8893709999975,1.9570539880394884,CNEL-Guayaquil
26,2019-11-01,411566.34582,407399.1,4167.252069999988,1.0125347012271384,CNEL-Guayaquil
26,2019-12-01,416485.925701,416828.2,342.261799000029,0.08217847900237153,CNEL-Guayaquil
30,2018-01-01,88926.815453,92779.02,3852.207984499997,4.331885680237795,E.E. Centro Sur
30,2018-02-01,85361.773838,85616.54,254.7652245000063,0.2984535267314161,E.E. Centro Sur
30,2018-03-01,83659.862207,85419.6,1759.7393555000017,2.1034451994982613,E.E. Centro Sur
30,2018-04-01,91276.01217,91852.1,576.0893924999982,0.6311509221360829,E.E. Centro Sur
30,2018-05-01,92370.61569,91818.89,551.725065000006,0.59729499568523,E.E. Centro Sur
30,2018-06-01,91615.396525,91249.984,365.41215000000375,0.39885451993900406,E.E. Centro Sur
30,2018-07-01,89843.187599,90801.336,958.1483385000029,1.0664674352122694,E.E. Centro Sur
30,2018-08-01,92110.641264,91613.49,497.1490765000053,0.5397303391636555,E.E. Centro Sur
30,2018-09-01,90640.393479,92138.2,1497.8096459999942,1.6524747836040827,E.E. Centro Sur
30,2018-10-01,91021.284826,93176.67,2155.387048999997,2.3680033226517545,E.E. Centro Sur
30,2018-11-01,94493.922829,92366.48,2127.446266500003,2.2514106757425183,E.E. Centro Sur
30,2018-12-01,88426.046019,90676.11,2250.0633559999987,2.5445708106370946,E.E. Centro Sur
30,2019-01-01,92656.684151,90413.516,2243.168525999994,2.420946256121539,E.E. Centro Sur
30,2019-02-01,90529.686917,91355.836,826.1490205000009,0.9125724926646838,E.E. Centro Sur
30,2019-03-01,89402.486754,90334.34,931.8569960000023,1.042316639987992,E.E. Centro Sur
30,2019-04-01,89700.929009,91024.766,1323.8366160000005,1.4758337852522971,E.E. Centro Sur
30,2019-05-01,93989.591385,93701.445,288.146072500007,0.3065723217368863,E.E. Centro Sur
30,2019-06-01,92693.477851,93355.8,662.3190239999967,0.7145260263776493,E.E. Centro Sur
30,2019-07-01,88808.01776,88406.195,401.82244750000245,0.452461903367679,E.E. Centro Sur
30,2019-08-01,93862.097573,92199.49,1662.6053855000064,1.7713277547488613,E.E. Centro Sur
30,2019-09-01,89188.338718,91414.81,2226.473782000001,2.4963731963208478,E.E. Centro Sur
30,2019-10-01,92552.208649,91489.27,1062.9352114999929,1.1484709301007887,E.E. Centro Sur
30,2019-11-01,92598.029582,93224.01,625.9782304999972,0.6760167935816208,E.E. Centro Sur
30,2019-12-01,92359.15498,92722.12,362.9622074999934,0.39298996139428877,E.E. Centro Sur
35,2018-01-01,48740.487446,48415.145,325.3429147499992,0.667500330419242,E.E. Cotopaxi
35,2018-02-01,46181.135226,46579.637,398.5014927500015,0.8629096941853542,E.E. Cotopaxi
35,2018-03-01,49397.370107,48825.08,572.2919820000025,1.1585474707668781,E.E. Cotopaxi
35,2018-04-01,48416.434103,48656.27,239.8354282500004,0.4953595461817367,E.E. Cotopaxi
35,2018-05-01,47750.638467,47596.21,154.42752949999704,0.32340411449518186,E.E. Cotopaxi
35,2018-06-01,48468.659089,48332.598,136.06143275000068,0.2807204393671372,E.E. Cotopaxi
35,2018-07-01,46907.717423,47275.332,367.6146082499981,0.7836974989316953,E.E. Cotopaxi
35,2018-08-01,49191.556392,48844.75,346.8063919999986,0.7050120334399494,E.E. Cotopaxi
35,2018-09-01,49756.498380000005,50158.438,401.93911999999546,0.8078123121331984,E.E. Cotopaxi
35,2018-10-01,50549.925214,50466.344,83.5814640000026,0.165344387051347,E.E. Cotopaxi
35,2018-11-01,48808.112878,49210.195,402.0824345000001,0.8238024598595711,E.E. Cotopaxi
35,2018-12-01,44382.836765,46048.508,1665.6710475,3.7529621108255453,E.E. Cotopaxi
35,2019-01-01,49486.006743,48641.86,844.1473679999981,1.7058304429047637,E.E. Cotopaxi
35,2019-02-01,46692.99193,47948.91,1255.9182262500035,2.689736027480995,E.E. Cotopaxi
35,2019-03-01,50890.211289,49476.367,1413.844101499999,2.778224074313489,E.E. Cotopaxi
35,2019-04-01,42614.935283,46587.633,3972.697529500001,9.322312712944079,E.E. Cotopaxi
35,2019-05-01,44095.220615,42700.824,1394.3963962499984,3.162239301226361,E.E. Cotopaxi
35,2019-06-01,46906.93042,47013.957,107.02661125000304,0.22816801332275932,E.E. Cotopaxi
35,2019-07-01,44742.173061,45458.61,716.4363139999987,1.6012550687317602,E.E. Cotopaxi
35,2019-08-01,50018.624768,49675.746,342.8786742500015,0.6855020021849184,E.E. Cotopaxi
35,2019-09-01,43571.252355,45870.3,2299.048426250003,5.276525924750421,E.E. Cotopaxi
35,2019-10-01,42558.190643,44568.453,2010.2624819999983,4.723561908125076,E.E. Cotopaxi
35,2019-11-01,47466.706055,46957.266,509.4404300000024,1.0732584422641636,E.E. Cotopaxi
35,2019-12-01,44347.618274,45550.242,1202.6239134999996,2.711811728128522,E.E. Cotopaxi
54,2018-01-01,89185.08237,85071.22,4113.863620000004,4.6127261540589455,CNEL-El Oro
54,2018-02-01,89559.575729,87760.63,1798.9429165000038,2.008655023046847,CNEL-El Oro
54,2018-03-01,94438.307544,92183.45,2254.8544189999957,2.387648061089437,CNEL-El Oro
54,2018-04-01,92331.571656,90785.53,1546.040406,1.6744439396743804,CNEL-El Oro
54,2018-05-01,88722.825432,88557.72,165.10668199999782,0.18609267817619363,CNEL-El Oro
54,2018-06-01,81880.421901,82452.38,571.9609115000057,0.6985319545514218,CNEL-El Oro
54,2018-07-01,79832.258953,81732.445,1900.1863595000032,2.380223714599769,CNEL-El Oro
54,2018-08-01,83748.017338,84913.52,1165.506099499995,1.391682020120082,CNEL-El Oro
54,2018-09-01,81127.399946,84567.16,3439.756303999995,4.2399439724304795,CNEL-El Oro
54,2018-10-01,82703.112444,82261.15,441.9640064999985,0.5343982752756271,CNEL-El Oro
54,2018-11-01,88140.840727,85518.375,2622.4657270000025,2.9753128122780295,CNEL-El Oro
54,2018-12-01,92798.717238,88339.29,4459.428175499997,4.8054847181378,CNEL-El Oro
54,2019-01-01,97342.81233,93753.47,3589.3435800000007,3.6873226631585654,CNEL-El Oro
54,2019-02-01,90860.024061,91291.44,431.4134389999963,0.4748110552010877,CNEL-El Oro
54,2019-03-01,100733.216075,95697.57,5035.645762500004,4.9989923470236075,CNEL-El Oro
54,2019-04-01,100244.993743,97827.055,2417.939055499999,2.4120297335734446,CNEL-El Oro
54,2019-05-01,99292.836288,98191.69,1101.1487880000059,1.108991171131532,CNEL-El Oro
54,2019-06-01,91791.451625,90819.94,971.5141250000015,1.0583928108784841,CNEL-El Oro
54,2019-07-01,90052.516075,88461.4,1591.1176375000068,1.7668774919901722,CNEL-El Oro
54,2019-08-01,87595.328185,89267.08,1671.7499399999942,1.9084921246819049,CNEL-El Oro
54,2019-09-01,87494.861218,89150.086,1655.2247194999945,1.8917964969118337,CNEL-El Oro
54,2019-10-01,90802.834959,91161.65,358.8134785000002,0.39515669159670447,CNEL-El Oro
54,2019-11-01,91547.385903,92341.74,794.3562844999979,0.8676995816589088,CNEL-El Oro
54,2019-12-01,98080.021441,96837.016,1243.0058160000044,1.2673384423633451,CNEL-El Oro
72,2018-01-01,38912.107953,38160.215,751.8931092499988,1.9322857300821974,CNEL-Esmeraldas
72,2018-02-01,39672.246514,40098.027,425.78082975000143,1.0732460779596815,CNEL-Esmeraldas
72,2018-03-01,43107.161769,42981.79,125.37270649999846,0.2908396223621448,CNEL-Esmeraldas
72,2018-04-01,37122.017664,38113.85,991.8338985000009,2.6718210940938603,CNEL-Esmeraldas
72,2018-05-01,38217.413232,37782.523,434.88979449999897,1.1379362382796212,CNEL-Esmeraldas
72,2018-06-01,37835.596164,38380.848,545.2514922499977,1.4411071782418385,CNEL-Esmeraldas
72,2018-07-01,37198.499396,37631.42,432.92247900000075,1.1638170518420252,CNEL-Esmeraldas
72,2018-08-01,37540.321932,37595.42,55.099943000001076,0.14677536090342624,CNEL-Esmeraldas
72,2018-09-01,34945.382675,35235.227,289.84388749999925,0.8294196981490037,CNEL-Esmeraldas
72,2018-10-01,39028.082464,38201.355,826.7269952499992,2.118287507495616,CNEL-Esmeraldas
72,2018-11-01,41169.591753,42138.496,968.9043407499994,2.353446559691464,CNEL-Esmeraldas
72,2018-12-01,43690.146264,43021.367,668.7790765000027,1.5307320613185178,CNEL-Esmeraldas
72,2019-01-01,41302.425141,41191.684,110.74154724999971,0.26812359533839825,CNEL-Esmeraldas
72,2019-02-01,41898.585425,41158.28,740.3041749999975,1.7668953915524643,CNEL-Esmeraldas
72,2019-03-01,37985.940382,38702.742,716.8018054999993,1.8870187187459038,CNEL-Esmeraldas
72,2019-04-01,38968.407485,38144.74,823.6692037500034,2.113684538089107,CNEL-Esmeraldas
72,2019-05-01,40819.160365,40642.797,176.36349000000337,0.43206055299271795,CNEL-Esmeraldas
72,2019-06-01,36104.957365,36732.676,627.718416249998,1.7385934288860445,CNEL-Esmeraldas
72,2019-07-01,42574.603209,41289.28,1285.3219590000008,3.0189875233606216,CNEL-Esmeraldas
72,2019-08-01,36665.15,38753.785,2088.6351562499985,5.696513327369447,CNEL-Esmeraldas
72,2019-09-01,35486.601296,36463.11,976.5080789999993,2.751765577252026,CNEL-Esmeraldas
72,2019-10-01,37756.245749,37622.277,133.96840525000152,0.3548244868957867,CNEL-Esmeraldas
72,2019-11-01,36544.260468,36932.082,387.8215632499996,1.0612379571604567,CNEL-Esmeraldas
72,2019-12-01,38179.386253,38071.2,108.18703424999694,0.28336504293988224,CNEL-Esmeraldas
87,2018-01-01,172012.278921,215775.77,43763.48670400001,25.442071332651345,CNEL-Guayas Los Ríos
87,2018-02-01,163233.90256299998,213467.38,50233.47243700002,30.773921132965903,CNEL-Guayas Los Ríos
87,2018-03-01,173219.126598,218612.48,45393.357777,26.205742211336215,CNEL-Guayas Los Ríos
87,2018-04-01,175686.78757699998,220929.61,45242.82179800002,25.751977380866503,CNEL-Guayas Los Ríos
87,2018-05-01,166329.707914,215983.61,49653.901461,29.852695639117773,CNEL-Guayas Los Ríos
87,2018-06-01,163154.396858,215902.64,52748.24376700001,32.33026187636793,CNEL-Guayas Los Ríos
87,2018-07-01,159676.64837,220036.77,60360.11725499999,37.80146807386297,CNEL-Guayas Los Ríos
87,2018-08-01,167621.04514,222403.72,54782.67361,32.6824555736689,CNEL-Guayas Los Ríos
87,2018-09-01,165074.190754,221292.86,56218.66862099999,34.056607131746745,CNEL-Guayas Los Ríos
87,2018-10-01,170528.824266,216394.92,45866.09760899999,26.896389983581653,CNEL-Guayas Los Ríos
87,2018-11-01,175033.194496,212054.38,37021.18050399999,21.15094831617555,CNEL-Guayas Los Ríos
87,2018-12-01,179362.805694,212130.31,32767.50680599999,18.268841569027774,CNEL-Guayas Los Ríos
87,2019-01-01,183646.41061,215529.16,31882.74564000001,17.36094135142542,CNEL-Guayas Los Ríos
87,2019-02-01,179570.97394,218965.28,39394.307310000004,21.93801506203492,CNEL-Guayas Los Ríos
87,2019-03-01,187895.859283,220321.61,32425.750092000002,17.257298918525844,CNEL-Guayas Los Ríos
87,2019-04-01,192317.892966,222155.25,29837.357033999986,15.514602710042663,CNEL-Guayas Los Ríos
87,2019-05-01,191292.501801,218494.22,27201.716948999994,14.21995984834665,CNEL-Guayas Los Ríos
87,2019-06-01,176006.433748,217457.42,41450.98812699999,23.550836889490128,CNEL-Guayas Los Ríos
87,2019-07-01,174814.807468,217919.62,43104.81753199999,24.657417844818642,CNEL-Guayas Los Ríos
87,2019-08-01,173673.490395,222084.98,48411.49398,27.875004912893576,CNEL-Guayas Los Ríos
87,2019-09-01,179249.911304,223329.75,44079.83869599999,24.59127503903894,CNEL-Guayas Los Ríos
87,2019-10-01,186273.183115,222874.22,36601.03563500001,19.649116970532212,CNEL-Guayas Los Ríos
87,2019-11-01,187989.171287,217319.22,29330.047462999995,15.601987743337775,CNEL-Guayas Los Ríos
87,2019-12-01,197432.944637,218549.67,21116.727237999992,10.695645185673133,CNEL-Guayas Los Ríos
130,2018-01-01,32027.370996,32361.922,334.55087899999853,1.04457802372159,CNEL-Los Ríos
130,2018-02-01,30371.433451,30159.729,211.7049353750008,0.6970528266851701,CNEL-Los Ríos
130,2018-03-01,31980.286845,31540.668,439.6188762499987,1.3746558258864758,CNEL-Los Ríos
130,2018-04-01,36058.82459,34994.58,1064.2464649999965,2.9514175159640073,CNEL-Los Ríos
130,2018-05-01,33847.095634,34321.85,474.7559285000025,1.4026489410899465,CNEL-Los Ríos
130,2018-06-01,31159.019188,31444.139,285.1194838750016,0.9150464016685326,CNEL-Los Ríos
130,2018-07-01,28711.580338,29471.016,759.4352870000002,2.645048715743737,CNEL-Los Ríos
130,2018-08-01,32855.697519,32575.746,279.9514252500012,0.8520635578901015,CNEL-Los Ríos
130,2018-09-01,32025.866525,32667.604,641.7369906249987,2.003808359483565,CNEL-Los Ríos
130,2018-10-01,30666.149368,30556.826,109.3231961249985,0.35649469652383814,CNEL-Los Ríos
130,2018-11-01,31294.476091,31165.223,129.25343475000045,0.4130231622160709,CNEL-Los Ríos
130,2018-12-01,34197.213176,33664.113,533.0998947499975,1.5588986506190896,CNEL-Los Ríos
130,2019-01-01,33827.693505,33956.734,129.04086999999708,0.3814651743280216,CNEL-Los Ríos
130,2019-02-01,32148.21434,32010.455,137.75926187499863,0.4285129507289413,CNEL-Los Ríos
130,2019-03-01,34471.195538,34617.35,146.15602450000006,0.42399464892037786,CNEL-Los Ríos
130,2019-04-01,37397.000984,35983.21,1413.7900464999984,3.780490438537777,CNEL-Los Ríos
130,2019-05-01,35120.17341,35471.582,351.40862124999694,1.000589083509303,CNEL-Los Ríos
130,2019-06-01,33384.583677,33198.984,185.59930200000235,0.5559431376940287,CNEL-Los Ríos
130,2019-07-01,29999.19346,30693.793,694.5995087500014,2.315393944427736,CNEL-Los Ríos
130,2019-08-01,31670.760646,31486.344,184.41689599999881,0.5822938642406449,CNEL-Los Ríos
130,2019-09-01,32372.121825,32589.268,217.14575312500165,0.6707801061013758,CNEL-Los Ríos
130,2019-10-01,34698.555628,34294.0,404.5556280000019,1.165914893799054,CNEL-Los Ríos
130,2019-11-01,32734.93957,33096.445,361.50574250000136,1.1043421715410895,CNEL-Los Ríos
130,2019-12-01,37603.470346,37455.83,147.64222100000188,0.3926292431031091,CNEL-Los Ríos
134,2018-01-01,121155.668914,113836.19,7319.481413999994,6.041385829989999,CNEL-Manabí
134,2018-02-01,114320.624989,118444.44,4123.812510999996,3.6072340501959226,CNEL-Manabí
134,2018-03-01,123062.059234,111860.016,11202.043609,9.102759760991438,CNEL-Manabí
134,2018-04-01,121222.486801,118101.984,3120.5024260000064,2.5741943663659144,CNEL-Manabí
134,2018-05-01,121505.77997,120449.41,1056.3737200000032,0.8694020319533966,CNEL-Manabí
134,2018-06-01,111479.112683,113779.4,2300.2857545000006,2.063423092576142,CNEL-Manabí
134,2018-07-01,115838.854039,117221.266,1382.411586000002,1.1933919732446414,CNEL-Manabí
134,2018-08-01,116118.989181,119956.28,3837.292069000003,3.3046206275690526,CNEL-Manabí
134,2018-09-01,112609.646877,118673.13,6063.4859354999935,5.3845173159302675,CNEL-Manabí
134,2018-10-01,114689.494276,120203.0,5513.505724000002,4.807332841429891,CNEL-Manabí
134,2018-11-01,117861.12415,117211.734,649.3897750000033,0.5509787724182361,CNEL-Manabí
134,2018-12-01,124003.318157,114604.65,9398.669719500002,7.579369535580001,CNEL-Manabí
134,2019-01-01,125053.000443,121790.53,3262.469192999997,2.6088691846198864,CNEL-Manabí
134,2019-02-01,124391.164805,122009.19,2381.977304999993,1.9149087547608907,CNEL-Manabí
134,2019-03-01,127849.693905,127755.9,93.79546749999281,0.07336385769502779,CNEL-Manabí
134,2019-04-01,131397.277658,125141.72,6255.558908000006,4.760797955252874,CNEL-Manabí
134,2019-05-01,129839.705335,126635.414,3204.291272500006,2.4678824279773277,CNEL-Manabí
134,2019-06-01,120051.477804,116294.01,3757.4699914999946,3.12988233067365,CNEL-Manabí
134,2019-07-01,121756.76958,117906.26,3850.511767499993,3.162462161884168,CNEL-Manabí
134,2019-08-01,118430.145828,127993.19,9563.041672000007,8.074837369438628,CNEL-Manabí
134,2019-09-01,114062.018003,119003.016,4940.997621999995,4.331851836840235,CNEL-Manabí
134,2019-10-01,119314.366198,121622.35,2307.9853644999966,1.934373402000843,CNEL-Manabí
134,2019-11-01,124853.31883,119753.51,5099.811017500004,4.0846419344638285,CNEL-Manabí
134,2019-12-01,131380.007924,132426.75,1046.742075999995,0.7967285833971852,CNEL-Manabí
136,2018-01-01,51926.165197,53645.938,1719.772302999998,3.3119570768907014,CNEL-Milagro
136,2018-02-01,51181.191347,52351.48,1170.28912175,2.286560923944958,CNEL-Milagro
136,2018-03-01,55513.271008,56007.707,494.43602324999665,0.890662744731334,CNEL-Milagro
136,2018-04-01,57628.198318,57467.445,160.75300550000247,0.27894851859318276,CNEL-Milagro
136,2018-05-01,59491.014878,59256.03,234.98362800000177,0.3949901148633784,CNEL-Milagro
136,2018-06-01,54188.162639,54245.613,57.450642249998054,0.10602064999459862,CNEL-Milagro
136,2018-07-01,54907.831276,52716.312,2191.518775999997,3.991268139847114,CNEL-Milagro
136,2018-08-01,58031.498586,57399.906,631.5923360000015,1.0883612372408595,CNEL-Milagro
136,2018-09-01,56856.796528,56387.414,469.38246549999894,0.8255520784904657,CNEL-Milagro
136,2018-10-01,59560.054929,58102.742,1457.312741499998,2.4467954961378444,CNEL-Milagro
136,2018-11-01,64219.671376,61700.938,2518.7338759999984,3.9220597396910577,CNEL-Milagro
136,2018-12-01,62378.966746000006,62043.855,335.1112772500055,0.5372183842264335,CNEL-Milagro
136,2019-01-01,66094.84461100001,63353.473,2741.3719547500077,4.147633557328565,CNEL-Milagro
136,2019-02-01,67498.243927,65194.36,2303.884552000003,3.4132510980458637,CNEL-Milagro
136,2019-03-01,71415.880238,69364.875,2051.005237999998,2.871917605950993,CNEL-Milagro
136,2019-04-01,70490.71363500001,70647.14,156.42698999999266,0.22191148583055859,CNEL-Milagro
136,2019-05-01,66727.347669,67050.664,323.3163935000048,0.4845335605182614,CNEL-Milagro
136,2019-06-01,60912.72527,59588.117,1324.6080825000026,2.1745999323270837,CNEL-Milagro
136,2019-07-01,62613.594027,63473.586,859.9919105000008,1.3734907313085372,CNEL-Milagro
136,2019-08-01,64742.152883,65204.066,461.9135232499975,0.7134664243939388,CNEL-Milagro
136,2019-09-01,65997.555731,66142.18,144.62395649999962,0.21913532235871527,CNEL-Milagro
136,2019-10-01,68320.050914,67796.88,523.1681015000067,0.7657607020207888,CNEL-Milagro
136,2019-11-01,67654.315679,67775.195,120.87963349999336,0.17867246499621983,CNEL-Milagro
136,2019-12-01,62061.463963,65136.637,3075.172755749998,4.955043853917729,CNEL-Milagro
142,2018-01-01,49270.182277,47861.62,1408.5611832499999,2.8588511715483054,E.E. Norte
142,2018-02-01,49536.318722,49381.617,154.70153450000362,0.3122992149824363,E.E. Norte
142,2018-03-01,43782.81563,46229.613,2446.7976512500027,5.588488579463255,E.E. Norte
142,2018-04-01,45875.951535,44805.18,1070.7718475000001,2.3340591566434967,E.E. Norte
142,2018-05-01,46820.907326,46730.742,90.16513850000047,0.1925745220446232,E.E. Norte
142,2018-06-01,47247.304066,47035.895,211.40953474999696,0.4474531170173814,E.E. Norte
142,2018-07-01,46522.047394,47903.07,1381.022918499999,2.9685342667831747,E.E. Norte
142,2018-08-01,47128.135584,48038.086,909.9503534999967,1.930800661269793,E.E. Norte
142,2018-09-01,47671.600361,48270.87,599.2707327500029,1.257081214416843,E.E. Norte
142,2018-10-01,49617.51827,49673.188,55.669229999999516,0.11219672394146833,E.E. Norte
142,2018-11-01,47159.172375,48171.668,1012.4955937499981,2.1469748995992597,E.E. Norte
142,2018-12-01,47176.970708,47145.918,31.05273925000074,0.06582181683983154,E.E. Norte
142,2019-01-01,48041.7397,48207.008,165.26811250000173,0.34400942499590986,E.E. Norte
142,2019-02-01,47487.79456,47860.86,373.0648149999979,0.7856014760353568,E.E. Norte
142,2019-03-01,49098.98889,48742.523,356.46545250000054,0.7260138356384808,E.E. Norte
142,2019-04-01,48942.959547000006,48597.535,345.42439075000584,0.7057693158467342,E.E. Norte
142,2019-05-01,49127.040994,48986.582,140.45896275000268,0.28590967399635825,E.E. Norte
142,2019-06-01,49205.688273,49101.957,103.73124174999975,0.21081148418143122,E.E. Norte
142,2019-07-01,49620.248892,49620.777,0.5284517499967478,0.0010649921388885802,E.E. Norte
142,2019-08-01,49493.06809,49802.36,309.29128499999933,0.6249183914756967,E.E. Norte
142,2019-09-01,49389.768509,49642.406,252.63774099999864,0.5115183744057475,E.E. Norte
142,2019-10-01,48772.000616000005,48510.215,261.7857722500048,0.5367542215689305,E.E. Norte
142,2019-11-01,50482.224122,49913.53,568.6928719999996,1.1265210316915595,E.E. Norte
142,2019-12-01,50307.09,50537.406,230.3162500000035,0.4578206570883021,E.E. Norte
174,2018-01-01,362747.011063,349088.0,13659.011063000013,3.765437245912355,E.E. Quito
174,2018-02-01,350223.255635,344118.75,6104.505635000009,1.7430326332646733,E.E. Quito
174,2018-03-01,350240.315952,343764.22,6476.097201999975,1.8490439012987632,E.E. Quito
174,2018-04-01,365304.924641,367177.28,1872.3566090000095,0.5125462271936385,E.E. Quito
174,2018-05-01,371643.497189,366483.16,5160.340939000016,1.3885190990912764,E.E. Quito
174,2018-06-01,373486.032792,370730.06,2755.9702919999836,0.7379045131614936,E.E. Quito
174,2018-07-01,364568.967584,365402.94,833.9699159999727,0.22875504778333017,E.E. Quito
174,2018-08-01,375396.009995,370803.9,4592.103744999971,1.2232691937938114,E.E. Quito
174,2018-09-01,352505.14705100004,363950.7,11445.540448999964,3.246914419477692,E.E. Quito
174,2018-10-01,368058.799809,372296.28,4237.481441000011,1.1513055640020031,E.E. Quito
174,2018-11-01,377591.719828,350968.25,26623.469828,7.05086166617411,E.E. Quito
174,2018-12-01,361049.698319,370592.56,9542.864180999983,2.643088811714926,E.E. Quito
174,2019-01-01,363874.57907,363959.22,84.63968000002205,0.023260674108190337,E.E. Quito
174,2019-02-01,357089.93834700005,359954.53,2864.5929029999534,0.8022048776452227,E.E. Quito
174,2019-03-01,351121.500763,353948.72,2827.217987000011,0.8051964863605223,E.E. Quito
174,2019-04-01,351481.27425200003,353709.9,2228.631997999968,0.6340684870745391,E.E. Quito
174,2019-05-01,358507.744084,356803.97,1703.7753340000054,0.4752408733466028,E.E. Quito
174,2019-06-01,358254.665865,365096.7,6842.021635000012,1.9098206630414887,E.E. Quito
174,2019-07-01,359910.896676,362068.66,2157.759574000025,0.5995260476768753,E.E. Quito
174,2019-08-01,365569.158527,366219.22,650.0602230000077,0.17782140747849656,E.E. Quito
174,2019-09-01,355622.267174,357332.06,1709.7953260000213,0.4807897265790298,E.E. Quito
174,2019-10-01,361659.740577,361967.06,307.3219229999813,0.08497543091461413,E.E. Quito
174,2019-11-01,363648.463933,366044.34,2395.879817000008,0.658845026069307,E.E. Quito
174,2019-12-01,341611.080352,349075.25,7464.169647999981,2.184990498642144,E.E. Quito
178,2018-01-01,30623.515754,30462.074,161.44153525000002,0.5271815834173539,E.E. Riobamba
178,2018-02-01,29421.599918,29792.656,371.0563320000001,1.2611697971359794,E.E. Riobamba
178,2018-03-01,29622.601633,29373.463,249.1387423749984,0.8410427465542201,E.E. Riobamba
178,2018-04-01,30867.231609,31241.586,374.35432850000143,1.2127888021899913,E.E. Riobamba
178,2018-05-01,30065.403179,30597.543,532.1397897499992,1.7699406410145422,E.E. Riobamba
178,2018-06-01,29794.722249,29969.42,174.69767287500144,0.586337645355512,E.E. Riobamba
178,2018-07-01,31797.81305,31515.445,282.36773750000066,0.8880099302929911,E.E. Riobamba
178,2018-08-01,30936.374651,31667.232,730.8577708750017,2.3624544864095034,E.E. Riobamba
178,2018-09-01,30802.389974,30697.156,105.23372400000153,0.34164142486614935,E.E. Riobamba
178,2018-10-01,31942.969585,31935.576,7.393413124998915,0.023145666232831295,E.E. Riobamba
178,2018-11-01,30881.612370000003,30970.457,88.84466124999744,0.2876943735499567,E.E. Riobamba
178,2018-12-01,31600.473979,31199.713,400.7610883749985,1.2682122699846943,E.E. Riobamba
178,2019-01-01,33889.863453,33323.44,566.4220467499981,1.6713612538909695,E.E. Riobamba
178,2019-02-01,31851.818842,31768.518,83.30126387500059,0.2615274948291463,E.E. Riobamba
178,2019-03-01,34339.72884,33983.805,355.9241525000034,1.0364792167066028,E.E. Riobamba
178,2019-04-01,33137.276219,33414.117,276.8409685000006,0.8354367047864593,E.E. Riobamba
178,2019-05-01,31093.265105,31161.184,67.91848875000142,0.21843472700806738,E.E. Riobamba
178,2019-06-01,28750.380228,29676.938,926.5572719999982,3.222765280500965,E.E. Riobamba
178,2019-07-01,29386.286694,29453.324,67.03752475000147,0.22812519815131657,E.E. Riobamba
178,2019-08-01,33878.530067,33188.51,690.0183482499997,2.0367422874764114,E.E. Riobamba
178,2019-09-01,31832.765126,32459.266,626.5004990000016,1.968099524248667,E.E. Riobamba
178,2019-10-01,31467.608609,31408.531,59.07735899999898,0.18774022434962648,E.E. Riobamba
178,2019-11-01,33583.78737,33059.95,523.8381512499982,1.559794747027063,E.E. Riobamba
178,2019-12-01,33238.214994,33576.95,338.73422474999825,1.0191107579367449,E.E. Riobamba
189,2018-01-01,54500.076272,52837.016,1663.0606469999984,3.0514831551793877,CNEL-Sta. Elena
189,2018-02-01,51178.925121,51579.97,401.0436289999998,0.7836108868090343,CNEL-Sta. Elena
189,2018-03-01,55168.995578,51946.92,3222.073703000002,5.840370427706107,CNEL-Sta. Elena
189,2018-04-01,54045.910342,53274.832,771.0783107500029,1.4267098210959075,CNEL-Sta. Elena
189,2018-05-01,51186.479471,50192.63,993.8505647499987,1.9416271152484135,CNEL-Sta. Elena
189,2018-06-01,48828.301169,48343.39,484.9105439999985,0.9930932110901647,CNEL-Sta. Elena
189,2018-07-01,49590.855914,49303.453,287.40278899999976,0.579547950328607,CNEL-Sta. Elena
189,2018-08-01,48755.772489,49120.35,364.5790734999973,0.7477659667524529,CNEL-Sta. Elena
189,2018-09-01,46993.100312,46998.0,4.899687999997695,0.0104263986999524,CNEL-Sta. Elena
189,2018-10-01,49708.332714,50344.01,635.6790047500035,1.2788177958158895,CNEL-Sta. Elena
189,2018-11-01,48300.739559,50196.426,1895.6862222499985,3.924756100130501,CNEL-Sta. Elena
189,2018-12-01,55999.928452,56374.945,375.0168604999999,0.6696738207825449,CNEL-Sta. Elena
189,2019-01-01,58850.822166,58014.242,836.5799784999981,1.4215264081447567,CNEL-Sta. Elena
189,2019-02-01,55592.128375,56363.777,771.6489687499998,1.3880543726349095,CNEL-Sta. Elena
189,2019-03-01,56534.045328,56337.152,196.89298425000015,0.3482732981651388,CNEL-Sta. Elena
189,2019-04-01,66615.67943799999,61694.043,4921.636469249992,7.388105189005268,CNEL-Sta. Elena
189,2019-05-01,56440.742329,58091.87,1651.1287647499994,2.9254200009017732,CNEL-Sta. Elena
189,2019-06-01,54197.977911,50595.047,3602.9310360000018,6.647722248819826,CNEL-Sta. Elena
189,2019-07-01,51846.376624,51628.152,218.2242802499968,0.4209055568773913,CNEL-Sta. Elena
189,2019-08-01,53096.994893,52587.18,509.8152055000028,0.9601583037370987,CNEL-Sta. Elena
189,2019-09-01,51978.674577,54329.793,2351.118391750002,4.523236521291266,CNEL-Sta. Elena
189,2019-10-01,53087.878645,53735.965,648.086198750003,1.2207799883731876,CNEL-Sta. Elena
189,2019-11-01,56279.265004,56407.32,128.05530849999923,0.22753550262409752,CNEL-Sta. Elena
189,2019-12-01,60965.164992,60995.055,29.889695500001835,0.04902749874280506,CNEL-Sta. Elena
191,2018-01-01,53877.735564,54269.81,392.07302974999766,0.7277088126398037,CNEL-Sto. Domingo
191,2018-02-01,52045.625555000006,52075.23,29.60491374999401,0.05688261680841662,CNEL-Sto. Domingo
191,2018-03-01,55303.703461,54849.68,454.02377349999733,0.8209645016272256,CNEL-Sto. Domingo
191,2018-04-01,57176.542423000006,58358.215,1181.6724207499938,2.066708427396356,CNEL-Sto. Domingo
191,2018-05-01,57580.67582,57120.586,460.08988249999675,0.7990352248352558,CNEL-Sto. Domingo
191,2018-06-01,56145.280681,56755.215,609.9341627500035,1.0863498327053693,CNEL-Sto. Domingo
191,2018-07-01,57605.450344,57270.746,334.70425024999713,0.5810287885109102,CNEL-Sto. Domingo
191,2018-08-01,57233.629673,57888.746,655.1164207499969,1.1446354608172762,CNEL-Sto. Domingo
191,2018-09-01,56373.95289,56595.438,221.48460999999952,0.39288465442927634,CNEL-Sto. Domingo
191,2018-10-01,58247.033551,58043.574,203.45933225000044,0.34930419601859264,CNEL-Sto. Domingo
191,2018-11-01,55523.828072,56778.11,1254.2813030000034,2.258996446306847,CNEL-Sto. Domingo
191,2018-12-01,58807.255,57709.133,1098.1221874999974,1.867324342039086,CNEL-Sto. Domingo
191,2019-01-01,56674.832838,57927.82,1252.987474499998,2.21083576564143,CNEL-Sto. Domingo
191,2019-02-01,53406.833281,53825.926,419.09250025000074,0.7847170006222725,CNEL-Sto. Domingo
191,2019-03-01,60172.620953,59064.91,1107.7107967499978,1.8408883960949873,CNEL-Sto. Domingo
191,2019-04-01,58422.251943,59846.098,1423.845713249997,2.4371633511135107,CNEL-Sto. Domingo
191,2019-05-01,61113.255974,59336.17,1777.0840989999997,2.9078537392215558,CNEL-Sto. Domingo
191,2019-06-01,58917.046237,59391.355,474.3092317499977,0.8050458433405486,CNEL-Sto. Domingo
191,2019-07-01,59007.059248000005,58084.27,922.789716750005,1.563863253838196,CNEL-Sto. Domingo
191,2019-08-01,59049.686284,58466.766,582.9206590000031,0.987169781387899,CNEL-Sto. Domingo
191,2019-09-01,58588.22958,58376.973,211.25692374999926,0.3605791218892115,CNEL-Sto. Domingo
191,2019-10-01,58480.377135,58313.113,167.26385375000245,0.2860170572496128,CNEL-Sto. Domingo
191,2019-11-01,58630.906503,58717.58,86.67162200000166,0.14782582629106525,CNEL-Sto. Domingo
191,2019-12-01,59556.557633,59063.777,492.7802892499967,0.8274156681227486,CNEL-Sto. Domingo
192,2018-01-01,46379.663,45740.746,638.9169062500005,1.3775798807550639,CNEL-Sucumbíos
192,2018-02-01,46624.919,46524.66,100.25884375000169,0.21503274622311233,CNEL-Sucumbíos
192,2018-03-01,44095.837,44479.043,383.20596875000047,0.8690298105691938,CNEL-Sucumbíos
192,2018-04-01,48000.094,46206.934,1793.1604062499973,3.735743530523081,CNEL-Sucumbíos
192,2018-05-01,50395.101,49197.766,1197.3353750000024,2.375896369371305,CNEL-Sucumbíos
192,2018-06-01,52984.749,51583.08,1401.6708750000034,2.6454232613237507,CNEL-Sucumbíos
192,2018-07-01,54774.68899999999,54249.414,525.2749374999912,0.958973838263128,CNEL-Sucumbíos
192,2018-08-01,55104.877,53373.855,1731.0215312500004,3.141321831187465,CNEL-Sucumbíos
192,2018-09-01,56312.087,54788.734,1523.3526249999995,2.705196532673349,CNEL-Sucumbíos
192,2018-10-01,57584.809,55285.48,2299.328531250001,3.992942880560742,CNEL-Sucumbíos
192,2018-11-01,56580.829,56373.37,207.4579062499979,0.366657593952888,CNEL-Sucumbíos
192,2018-12-01,58243.882,56865.574,1378.3077812499978,2.3664421634018105,CNEL-Sucumbíos
192,2019-01-01,56724.759000000005,56313.613,411.14571875000547,0.7248082248353059,CNEL-Sucumbíos
192,2019-02-01,53269.998,52832.066,437.9315937499996,0.8220980104973902,CNEL-Sucumbíos
192,2019-03-01,58198.78100000001,56192.777,2006.00365625001,3.4468138709812663,CNEL-Sucumbíos
192,2019-04-01,57270.321,56951.156,319.16475000000355,0.557295200074055,CNEL-Sucumbíos
192,2019-05-01,58994.967,57712.05,1282.916218749997,2.1746197751920042,CNEL-Sucumbíos
192,2019-06-01,57875.20799999999,58323.348,448.13965625000856,0.7743205972581707,CNEL-Sucumbíos
192,2019-07-01,62022.889,60074.57,1948.3186875000029,3.1412898027049376,CNEL-Sucumbíos
192,2019-08-01,62597.922,62854.273,256.35143750000134,0.40952068265141667,CNEL-Sucumbíos
192,2019-09-01,63900.031,62235.94,1664.0895937500027,2.6042078035142153,CNEL-Sucumbíos
192,2019-10-01,58625.397,59707.48,1082.0834687500028,1.8457588760550359,CNEL-Sucumbíos
192,2019-11-01,61030.806299,60159.895,870.9117677500035,1.4270035422492418,CNEL-Sucumbíos
192,2019-12-01,61781.174296,60692.426,1088.7485147499974,1.7622658150421207,CNEL-Sucumbíos
193,2018-01-01,28987.372114,28392.39,594.9814890000016,2.0525540799631297,E.E. Sur
193,2018-02-01,27883.929546,27369.193,514.7361866249994,1.8459958657399462,E.E. Sur
193,2018-03-01,26549.045592,27030.875,481.8294080000014,1.8148652701292987,E.E. Sur
193,2018-04-01,28485.993591,28003.668,482.32562224999856,1.6932027338600077,E.E. Sur
193,2018-05-01,28694.746805,28778.9,84.15358562500114,0.2932717482990216,E.E. Sur
193,2018-06-01,29982.654138,30443.79,461.1349244999983,1.5380056828109696,E.E. Sur
193,2018-07-01,28852.5435,29729.766,877.2221250000002,3.0403632352204935,E.E. Sur
193,2018-08-01,30065.772949,29903.281,162.49169899999833,0.5404540880277049,E.E. Sur
193,2018-09-01,29887.96751,30412.207,524.2395212500014,1.7540152941969034,E.E. Sur
193,2018-10-01,29062.535088,29243.252,180.71686512499946,0.6218207206556386,E.E. Sur
193,2018-11-01,29417.365813,29437.48,20.114655749999656,0.06837680803190975,E.E. Sur
193,2018-12-01,26953.40955,27409.5,456.0904499999997,1.6921438052352071,E.E. Sur
193,2019-01-01,31094.577822,30931.021,163.5563376249993,0.5259963282385526,E.E. Sur
193,2019-02-01,30053.378028,30825.818,772.4403313750008,2.5702279812117528,E.E. Sur
193,2019-03-01,28175.809133,28459.05,283.24164825000116,1.0052653569343768,E.E. Sur
193,2019-04-01,31176.081032,30701.053,475.02829762499823,1.5236947104974994,E.E. Sur
193,2019-05-01,30124.462826000003,30589.092,464.6289708749973,1.5423643354529215,E.E. Sur
193,2019-06-01,30486.670023,30201.512,285.15830424999876,0.9353540548537027,E.E. Sur
193,2019-07-01,35117.678702,33917.527,1200.1513582499974,3.417513351136296,E.E. Sur
193,2019-08-01,45583.533206,38340.348,7243.18554975,15.889916907091802,E.E. Sur
193,2019-09-01,33226.287786,34396.703,1170.4153389999992,3.522558242251659,E.E. Sur
193,2019-10-01,41599.970958,36860.332,4739.638926749998,11.393370758684457,E.E. Sur
193,2019-11-01,53800.564047,45301.758,8498.8062345,15.79687199389856,E.E. Sur
193,2019-12-01,54441.202634,52666.785,1774.4174777500011,3.2593282144759774,E.E. Sur
